{
  "frame_pixel_num": 2073600,
  "i_frame_num": 1,
  "p_frame_num": 599,
  "ave_i_frame_bpp": 0.034837962962962966,
  "ave_i_frame_psnr": 37.461831144689384,
  "ave_i_frame_msssim": 0.0,
  "ave_i_frame_psnr_y": 35.34295608468727,
  "ave_i_frame_psnr_u": 44.08543875847038,
  "ave_i_frame_psnr_v": 43.55147389092104,
  "ave_i_frame_msssim_y": 0.0,
  "ave_i_frame_msssim_u": 0.0,
  "ave_i_frame_msssim_v": 0.0,
  "test_time": 158.69696140289307,
  "ave_p_frame_bpp": 0.002780489344380552,
  "ave_p_frame_psnr": 38.55278416028063,
  "ave_p_frame_msssim": 0.0,
  "ave_p_frame_psnr_y": 36.42521617216544,
  "ave_p_frame_psnr_u": 45.24568221081847,
  "ave_p_frame_psnr_v": 44.62529403843386,
  "ave_p_frame_msssim_y": 0.0,
  "ave_p_frame_msssim_u": 0.0,
  "ave_p_frame_msssim_v": 0.0,
  "ave_all_frame_bpp": 0.0028339184670781894,
  "ave_all_frame_psnr": 38.55096590525465,
  "ave_all_frame_msssim": 0.0,
  "avg_frame_encoding_time": 0.045028746734231205,
  "avg_frame_decoding_time": 0.05174159599562823,
  "ave_all_frame_psnr_y": 36.42341240535298,
  "ave_all_frame_psnr_u": 45.24374847173123,
  "ave_all_frame_psnr_v": 44.623504338188006,
  "ave_all_frame_msssim_y": 0.0,
  "ave_all_frame_msssim_u": 0.0,
  "ave_all_frame_msssim_v": 0.0
}