{
  "frame_pixel_num": 2073600,
  "i_frame_num": 1,
  "p_frame_num": 599,
  "ave_i_frame_bpp": 0.013842592592592592,
  "ave_i_frame_psnr": 33.72562528879312,
  "ave_i_frame_msssim": 0.0,
  "ave_i_frame_psnr_y": 31.364926581641246,
  "ave_i_frame_psnr_u": 41.03917488963951,
  "ave_i_frame_psnr_v": 40.57626793085796,
  "ave_i_frame_msssim_y": 0.0,
  "ave_i_frame_msssim_u": 0.0,
  "ave_i_frame_msssim_v": 0.0,
  "test_time": 167.60983085632324,
  "ave_p_frame_bpp": 0.0005592461200766709,
  "ave_p_frame_psnr": 34.07040250721778,
  "ave_p_frame_msssim": 0.0,
  "ave_p_frame_psnr_y": 31.645529546058977,
  "ave_p_frame_psnr_u": 41.878226017440916,
  "ave_p_frame_psnr_v": 40.81181676394773,
  "ave_p_frame_msssim_y": 0.0,
  "ave_p_frame_msssim_u": 0.0,
  "ave_p_frame_msssim_v": 0.0,
  "ave_all_frame_bpp": 0.0005813850308641975,
  "ave_all_frame_psnr": 34.06982787852041,
  "ave_all_frame_msssim": 0.0,
  "avg_frame_encoding_time": 0.045410148976212844,
  "avg_frame_decoding_time": 0.05125582056530451,
  "ave_all_frame_psnr_y": 31.645061874451617,
  "ave_all_frame_psnr_u": 41.87682759889458,
  "ave_all_frame_psnr_v": 40.81142418255924,
  "ave_all_frame_msssim_y": 0.0,
  "ave_all_frame_msssim_u": 0.0,
  "ave_all_frame_msssim_v": 0.0
}