{
  "frame_pixel_num": 2073600,
  "i_frame_num": 1,
  "p_frame_num": 599,
  "ave_i_frame_bpp": 0.23965277777777777,
  "ave_i_frame_psnr": 45.22439316613759,
  "ave_i_frame_msssim": 0.0,
  "ave_i_frame_psnr_y": 44.04533646051607,
  "ave_i_frame_psnr_u": 49.33899978740655,
  "ave_i_frame_psnr_v": 48.184126778597715,
  "ave_i_frame_msssim_y": 0.0,
  "ave_i_frame_msssim_u": 0.0,
  "ave_i_frame_msssim_v": 0.0,
  "test_time": 159.10402631759644,
  "ave_p_frame_bpp": 0.04016099363136091,
  "ave_p_frame_psnr": 45.06475091664934,
  "ave_p_frame_msssim": 0.0,
  "ave_p_frame_psnr_y": 43.85235734368997,
  "ave_p_frame_psnr_u": 49.16417281453094,
  "ave_p_frame_psnr_v": 48.23969045652419,
  "ave_p_frame_msssim_y": 0.0,
  "ave_p_frame_msssim_u": 0.0,
  "ave_p_frame_msssim_v": 0.0,
  "ave_all_frame_bpp": 0.040493479938271605,
  "ave_all_frame_psnr": 45.06501698706515,
  "ave_all_frame_msssim": 0.0,
  "avg_frame_encoding_time": 0.04511048349283509,
  "avg_frame_decoding_time": 0.052221260636539785,
  "ave_all_frame_psnr_y": 43.85267897555135,
  "ave_all_frame_psnr_u": 49.16446419281907,
  "ave_all_frame_psnr_v": 48.239597850394304,
  "ave_all_frame_msssim_y": 0.0,
  "ave_all_frame_msssim_u": 0.0,
  "ave_all_frame_msssim_v": 0.0
}