{
  "frame_pixel_num": 2073600,
  "i_frame_num": 1,
  "p_frame_num": 599,
  "ave_i_frame_bpp": 0.11030478395061728,
  "ave_i_frame_psnr": 40.873236759662085,
  "ave_i_frame_msssim": 0.0,
  "ave_i_frame_psnr_y": 40.55619726254488,
  "ave_i_frame_psnr_u": 40.76053851370816,
  "ave_i_frame_psnr_v": 42.88817198831922,
  "ave_i_frame_msssim_y": 0.0,
  "ave_i_frame_msssim_u": 0.0,
  "ave_i_frame_msssim_v": 0.0,
  "test_time": 159.87812662124634,
  "ave_p_frame_bpp": 0.00340822667408644,
  "ave_p_frame_psnr": 42.67604006939298,
  "ave_p_frame_msssim": 0.0,
  "ave_p_frame_psnr_y": 42.34635462755027,
  "ave_p_frame_psnr_u": 43.46061959669732,
  "ave_p_frame_psnr_v": 43.86957319314465,
  "ave_p_frame_msssim_y": 0.0,
  "ave_p_frame_msssim_u": 0.0,
  "ave_p_frame_msssim_v": 0.0,
  "ave_all_frame_bpp": 0.0035863876028806585,
  "ave_all_frame_psnr": 42.6730353972101,
  "ave_all_frame_msssim": 0.0,
  "avg_frame_encoding_time": 0.04505723694623527,
  "avg_frame_decoding_time": 0.052106073347188656,
  "ave_all_frame_psnr_y": 42.34337103194193,
  "ave_all_frame_psnr_u": 43.456119461559005,
  "ave_all_frame_psnr_v": 43.86793752446994,
  "ave_all_frame_msssim_y": 0.0,
  "ave_all_frame_msssim_u": 0.0,
  "ave_all_frame_msssim_v": 0.0
}