{
  "frame_pixel_num": 2073600,
  "i_frame_num": 1,
  "p_frame_num": 599,
  "ave_i_frame_bpp": 0.02691358024691358,
  "ave_i_frame_psnr": 33.18841741463062,
  "ave_i_frame_msssim": 0.0,
  "ave_i_frame_psnr_y": 32.19836478487042,
  "ave_i_frame_psnr_u": 33.39709815036286,
  "ave_i_frame_psnr_v": 38.920052457459576,
  "ave_i_frame_msssim_y": 0.0,
  "ave_i_frame_msssim_u": 0.0,
  "ave_i_frame_msssim_v": 0.0,
  "test_time": 171.0286591053009,
  "ave_p_frame_bpp": 0.00041050928502236236,
  "ave_p_frame_psnr": 35.541207354355016,
  "ave_p_frame_msssim": 0.0,
  "ave_p_frame_psnr_y": 34.80682093038948,
  "ave_p_frame_psnr_u": 36.06313157605546,
  "ave_p_frame_psnr_v": 39.42560167644802,
  "ave_p_frame_msssim_y": 0.0,
  "ave_p_frame_msssim_u": 0.0,
  "ave_p_frame_msssim_v": 0.0,
  "ave_all_frame_bpp": 0.00045468106995884776,
  "ave_all_frame_psnr": 35.5372860377888,
  "ave_all_frame_msssim": 0.0,
  "avg_frame_encoding_time": 0.045485561176881954,
  "avg_frame_decoding_time": 0.053040811571024235,
  "ave_all_frame_psnr_y": 34.80247350348028,
  "ave_all_frame_psnr_u": 36.05868818701264,
  "ave_all_frame_psnr_v": 39.424759094416366,
  "ave_all_frame_msssim_y": 0.0,
  "ave_all_frame_msssim_u": 0.0,
  "ave_all_frame_msssim_v": 0.0
}