{
  "frame_pixel_num": 2073600,
  "i_frame_num": 1,
  "p_frame_num": 599,
  "ave_i_frame_bpp": 0.22611111111111112,
  "ave_i_frame_psnr": 43.34429801580679,
  "ave_i_frame_msssim": 0.0,
  "ave_i_frame_psnr_y": 43.019286701573016,
  "ave_i_frame_psnr_u": 44.13566019710912,
  "ave_i_frame_psnr_v": 44.503003719907085,
  "ave_i_frame_msssim_y": 0.0,
  "ave_i_frame_msssim_u": 0.0,
  "ave_i_frame_msssim_v": 0.0,
  "test_time": 159.83445024490356,
  "ave_p_frame_bpp": 0.011541535274840784,
  "ave_p_frame_psnr": 43.620678109295135,
  "ave_p_frame_msssim": 0.0,
  "ave_p_frame_psnr_y": 43.262320730284195,
  "ave_p_frame_psnr_u": 44.71224733789165,
  "ave_p_frame_psnr_v": 44.67925315476473,
  "ave_p_frame_msssim_y": 0.0,
  "ave_p_frame_msssim_u": 0.0,
  "ave_p_frame_msssim_v": 0.0,
  "ave_all_frame_bpp": 0.011899151234567902,
  "ave_all_frame_psnr": 43.620217475805994,
  "ave_all_frame_msssim": 0.0,
  "avg_frame_encoding_time": 0.04509718741400767,
  "avg_frame_decoding_time": 0.051796153036214536,
  "ave_all_frame_psnr_y": 43.261915673569675,
  "ave_all_frame_psnr_u": 44.71128635932368,
  "ave_all_frame_psnr_v": 44.678959405706635,
  "ave_all_frame_msssim_y": 0.0,
  "ave_all_frame_msssim_u": 0.0,
  "ave_all_frame_msssim_v": 0.0
}